timestamp,city,state,country,latitude,longitude,aqius,mainus,aqicn,maincn,temperature,humidity,pressure,wind_direction,wind_speed
2025-06-26T14:00:00.000Z,Islamabad,Islamabad,Pakistan,33.697612,72.971079,53,p2,15,p2,28,80,1004,116,2.54
2025-06-26T15:00:00.000Z,Islamabad,Islamabad,Pakistan,33.697612,72.971079,65,p2,24,p2,27,83,1003,106,2.05
2025-06-26T16:00:00.000Z,Islamabad,Islamabad,Pakistan,33.697612,72.971079,76,p2,32,p2,27,85,1003,101,1.41
2025-06-26T17:00:00.000Z,Islamabad,Islamabad,Pakistan,33.697612,72.971079,84,p2,38,p2,27,86,1004,93,1.56
2025-06-26T18:00:00.000Z,Islamabad,Islamabad,Pakistan,33.697612,72.971079,93,p2,45,p2,27,82,1003,86,1.2
2025-06-26T19:00:00.000Z,Islamabad,Islamabad,Pakistan,33.697612,72.971079,87,p2,41,p2,27,86,1004,92,1.52
2025-06-26T20:00:00.000Z,Islamabad,Islamabad,Pakistan,33.697612,72.971079,79,p2,34,p2,27,86,1004,119,1.81
2025-06-26T21:00:00.000Z,Islamabad,Islamabad,Pakistan,33.697612,72.971079,75,p2,32,p2,27,88,1004,116,2
2025-06-26T22:00:00.000Z,Islamabad,Islamabad,Pakistan,33.697612,72.971079,78,p2,34,p2,27,87,1004,105,2.1
2025-06-26T23:00:00.000Z,Islamabad,Islamabad,Pakistan,33.697612,72.971079,71,p2,29,p2,27,85,1004,104,2.19
2025-06-27T01:00:00.000Z,Islamabad,Islamabad,Pakistan,33.697612,72.971079,73,p2,30,p2,28,82,1005,127,3.05
2025-06-27T03:00:00.000Z,Islamabad,Islamabad,Pakistan,33.697612,72.971079,74,p2,31,p2,29,66,1003,137,4.28
2025-06-27T04:00:00.000Z,Islamabad,Islamabad,Pakistan,33.697612,72.971079,75,p2,31,p2,31,58,1003,141,5.93
2025-06-27T05:00:00.000Z,Islamabad,Islamabad,Pakistan,33.697612,72.971079,78,p2,34,p2,32,54,1002,141,6.37
2025-06-27T06:00:00.000Z,Islamabad,Islamabad,Pakistan,33.697612,72.971079,82,p2,37,p2,32,52,1002,144,6.29
2025-06-27T07:00:00.000Z,Islamabad,Islamabad,Pakistan,33.697612,72.971079,79,p2,35,p2,32,52,1001,144,3.86
2025-06-27T08:00:00.000Z,Islamabad,Islamabad,Pakistan,33.697612,72.971079,81,p2,36,p2,31,54,1001,140,2.71
2025-06-27T09:00:00.000Z,Islamabad,Islamabad,Pakistan,33.697612,72.971079,84,p2,39,p2,32,52,1000,113,2.33
2025-06-27T10:00:00.000Z,Islamabad,Islamabad,Pakistan,33.697612,72.971079,84,p2,39,p2,32,50,1000,119,2.54
2025-06-27T11:00:00.000Z,Islamabad,Islamabad,Pakistan,33.697612,72.971079,87,p2,41,p2,33,50,999,128,2.51
2025-06-27T12:00:00.000Z,Islamabad,Islamabad,Pakistan,33.697612,72.971079,80,p2,36,p2,33,49,999,140,1.98
2025-06-27T13:00:00.000Z,Islamabad,Islamabad,Pakistan,33.697612,72.971079,73,p2,30,p2,32,53,999,140,1.6
2025-06-27T14:00:00.000Z,Islamabad,Islamabad,Pakistan,33.697612,72.971079,72,p2,29,p2,32,57,999,117,1.82
2025-06-27T15:00:00.000Z,Islamabad,Islamabad,Pakistan,33.697612,72.971079,69,p2,27,p2,31,59,999,109,2.71
2025-06-27T16:00:00.000Z,Islamabad,Islamabad,Pakistan,33.697612,72.971079,75,p2,31,p2,31,61,1000,98,2.82
2025-06-27T17:00:00.000Z,Islamabad,Islamabad,Pakistan,33.697612,72.971079,79,p2,34,p2,31,61,1001,96,2.7
2025-06-27T18:00:00.000Z,Islamabad,Islamabad,Pakistan,33.697612,72.971079,88,p2,41,p2,30,64,1001,91,2.04
2025-06-27T19:00:00.000Z,Islamabad,Islamabad,Pakistan,33.697612,72.971079,89,p2,42,p2,30,64,1001,93,2.18
2025-06-27T20:00:00.000Z,Islamabad,Islamabad,Pakistan,33.697612,72.971079,86,p2,40,p2,30,65,1000,107,2.39
2025-06-27T21:00:00.000Z,Islamabad,Islamabad,Pakistan,33.697612,72.971079,82,p2,37,p2,29,68,1000,112,3.14
2025-06-27T22:00:00.000Z,Islamabad,Islamabad,Pakistan,33.697612,72.971079,92,p2,44,p2,29,71,999,113,3.39
2025-06-27T23:00:00.000Z,Islamabad,Islamabad,Pakistan,33.697612,72.971079,95,p2,47,p2,27,75,1000,113,2.95
2025-06-28T01:00:00.000Z,Islamabad,Islamabad,Pakistan,33.697612,72.971079,117,p2,59,p2,25,85,1002,44,2.81
2025-06-28T03:00:00.000Z,Islamabad,Islamabad,Pakistan,33.697612,72.971079,124,p2,62,p2,25,85,1002,10,3.36
2025-06-28T04:00:00.000Z,Islamabad,Islamabad,Pakistan,33.697612,72.971079,133,p2,67,p2,24,89,1002,355,3.21
2025-06-28T05:00:00.000Z,Islamabad,Islamabad,Pakistan,33.697612,72.971079,121,p2,61,p2,23,85,1003,46,3.43
2025-06-28T06:00:00.000Z,Islamabad,Islamabad,Pakistan,33.697612,72.971079,107,p2,54,p2,26,77,1002,73,3.45
2025-06-28T07:00:00.000Z,Islamabad,Islamabad,Pakistan,33.697612,72.971079,110,p2,55,p2,28,69,1001,70,2.78
2025-06-28T08:00:00.000Z,Islamabad,Islamabad,Pakistan,33.697612,72.971079,115,p2,58,p2,29,63,1000,107,1.48
2025-06-28T09:00:00.000Z,Islamabad,Islamabad,Pakistan,33.697612,72.971079,115,p2,58,p2,32,53,998,81,1.56
2025-06-28T10:00:00.000Z,Islamabad,Islamabad,Pakistan,33.697612,72.971079,119,p2,60,p2,33,50,997,75,2.21
2025-06-28T11:00:00.000Z,Islamabad,Islamabad,Pakistan,33.697612,72.971079,127,p2,64,p2,33,48,996,94,1.49
2025-06-28T12:00:00.000Z,Islamabad,Islamabad,Pakistan,33.697612,72.971079,112,p2,56,p2,34,48,996,276,0.85
2025-06-28T13:00:00.000Z,Islamabad,Islamabad,Pakistan,33.697612,72.971079,102,p2,51,p2,34,44,996,252,0.41
2025-06-28T14:00:00.000Z,Islamabad,Islamabad,Pakistan,33.697612,72.971079,99,p2,50,p2,34,49,996,90,0.22
2025-06-28T15:00:00.000Z,Islamabad,Islamabad,Pakistan,33.697612,72.971079,102,p2,51,p2,33,50,996,81,1.16
2025-06-28T16:00:00.000Z,Islamabad,Islamabad,Pakistan,33.697612,72.971079,116,p2,58,p2,33,51,997,103,1.59
2025-06-28T17:00:00.000Z,Islamabad,Islamabad,Pakistan,33.697612,72.971079,131,p2,66,p2,32,53,997,100,1.71
2025-06-28T18:00:00.000Z,Islamabad,Islamabad,Pakistan,33.697612,72.971079,142,p2,71,p2,31,57,997,48,2.25
2025-06-28T19:00:00.000Z,Islamabad,Islamabad,Pakistan,33.697612,72.971079,143,p2,72,p2,29,66,997,43,2.78
2025-06-28T20:00:00.000Z,Islamabad,Islamabad,Pakistan,33.697612,72.971079,147,p2,74,p2,29,66,997,61,3.37
2025-06-28T21:00:00.000Z,Islamabad,Islamabad,Pakistan,33.697612,72.971079,151,p2,76,p2,29,65,996,89,2.41
2025-06-28T22:00:00.000Z,Islamabad,Islamabad,Pakistan,33.697612,72.971079,150,p2,76,p2,29,65,996,124,2.31
2025-06-28T23:00:00.000Z,Islamabad,Islamabad,Pakistan,33.697612,72.971079,131,p2,66,p2,29,67,996,94,2.36
2025-06-29T02:00:00.000Z,Islamabad,Islamabad,Pakistan,33.697612,72.971079,128,p2,64,p2,28,70,995,18,2.35
2025-06-29T03:00:00.000Z,Islamabad,Islamabad,Pakistan,33.697612,72.971079,137,p2,69,p2,30,61,996,158,2.58
2025-06-29T04:00:00.000Z,Islamabad,Islamabad,Pakistan,33.697612,72.971079,156,p2,84,p2,30,63,996,150,4.44
2025-06-29T05:00:00.000Z,Islamabad,Islamabad,Pakistan,33.697612,72.971079,153,p2,80,p2,30,64,996,128,5.6
2025-06-29T06:00:00.000Z,Islamabad,Islamabad,Pakistan,33.697612,72.971079,144,p2,73,p2,31,59,996,124,4.81
2025-06-29T07:00:00.000Z,Islamabad,Islamabad,Pakistan,33.697612,72.971079,142,p2,71,p2,35,45,994,221,3.17
2025-06-29T08:00:00.000Z,Islamabad,Islamabad,Pakistan,33.697612,72.971079,130,p2,66,p2,36,42,994,235,3.59
2025-06-29T09:00:00.000Z,Islamabad,Islamabad,Pakistan,33.697612,72.971079,130,p2,65,p2,36,40,993,236,2.64
2025-06-29T10:00:00.000Z,Islamabad,Islamabad,Pakistan,33.697612,72.971079,117,p2,59,p2,37,38,993,169,1.33
2025-06-29T11:00:00.000Z,Islamabad,Islamabad,Pakistan,33.697612,72.971079,94,p2,46,p2,36,42,992,113,3.01
2025-06-29T12:00:00.000Z,Islamabad,Islamabad,Pakistan,33.697612,72.971079,90,p2,43,p2,34,46,992,112,3.96
2025-06-29T13:00:00.000Z,Islamabad,Islamabad,Pakistan,33.697612,72.971079,92,p2,44,p2,34,47,992,90,2.51
2025-06-29T14:00:00.000Z,Islamabad,Islamabad,Pakistan,33.697612,72.971079,107,p2,54,p2,33,49,993,77,3.82
2025-06-29T15:00:00.000Z,Islamabad,Islamabad,Pakistan,33.697612,72.971079,118,p2,59,p2,33,49,993,85,4.06
2025-06-29T16:00:00.000Z,Islamabad,Islamabad,Pakistan,33.697612,72.971079,102,p2,51,p2,32,52,994,94,4.66
2025-06-29T17:00:00.000Z,Islamabad,Islamabad,Pakistan,33.697612,72.971079,61,p2,21,p2,31,56,994,95,3.95
2025-06-29T18:00:00.000Z,Islamabad,Islamabad,Pakistan,33.697612,72.971079,57,p2,18,p2,31,58,995,126,3.32
2025-06-29T19:00:00.000Z,Islamabad,Islamabad,Pakistan,33.697612,72.971079,57,p2,18,p2,31,61,995,125,4.75
2025-06-29T20:00:00.000Z,Islamabad,Islamabad,Pakistan,33.697612,72.971079,62,p2,22,p2,29,68,994,94,4.92
2025-06-29T21:00:00.000Z,Islamabad,Islamabad,Pakistan,33.697612,72.971079,66,p2,24,p2,27,77,995,109,0.99
2025-06-29T22:00:00.000Z,Islamabad,Islamabad,Pakistan,33.697612,72.971079,73,p2,30,p2,28,76,994,112,3.42
2025-06-29T23:00:00.000Z,Islamabad,Islamabad,Pakistan,33.697612,72.971079,69,p2,27,p2,27,79,994,150,1.24
2025-06-30T02:00:00.000Z,Islamabad,Islamabad,Pakistan,33.697612,72.971079,62,p2,21,p2,27,78,998,131,4.15
2025-06-30T03:00:00.000Z,Islamabad,Islamabad,Pakistan,33.697612,72.971079,66,p2,24,p2,28,74,999,137,4.83
2025-06-30T04:00:00.000Z,Islamabad,Islamabad,Pakistan,33.697612,72.971079,77,p2,33,p2,29,74,1000,137,5.07
2025-06-30T05:00:00.000Z,Islamabad,Islamabad,Pakistan,33.697612,72.971079,96,p2,47,p2,31,71,1000,131,5.68
2025-06-30T06:00:00.000Z,Islamabad,Islamabad,Pakistan,33.697612,72.971079,102,p2,51,p2,32,62,998,140,4.11
2025-06-30T07:00:00.000Z,Islamabad,Islamabad,Pakistan,33.697612,72.971079,107,p2,54,p2,33,64,999,143,4.61
2025-06-30T08:00:00.000Z,Islamabad,Islamabad,Pakistan,33.697612,72.971079,97,p2,49,p2,34,59,998,141,4.83
2025-06-30T09:00:00.000Z,Islamabad,Islamabad,Pakistan,33.697612,72.971079,97,p2,49,p2,35,57,998,140,4.7
2025-06-30T10:00:00.000Z,Islamabad,Islamabad,Pakistan,33.697612,72.971079,99,p2,49,p2,35,42,994,142,4.38
2025-06-30T11:00:00.000Z,Islamabad,Islamabad,Pakistan,33.697612,72.971079,98,p2,49,p2,35,42,994,145,4.1
2025-06-30T12:00:00.000Z,Islamabad,Islamabad,Pakistan,33.697612,72.971079,101,p2,51,p2,35,44,993,123,4.38
2025-06-30T13:00:00.000Z,Islamabad,Islamabad,Pakistan,33.697612,72.971079,111,p2,56,p2,34,49,994,116,3.98
2025-06-30T14:00:00.000Z,Islamabad,Islamabad,Pakistan,33.697612,72.971079,111,p2,56,p2,33,53,995,112,3.78
2025-06-30T15:00:00.000Z,Islamabad,Islamabad,Pakistan,33.697612,72.971079,109,p2,55,p2,32,55,995,100,4.26
2025-06-30T16:00:00.000Z,Islamabad,Islamabad,Pakistan,33.697612,72.971079,124,p2,63,p2,32,56,996,106,4.4
2025-06-30T17:00:00.000Z,Islamabad,Islamabad,Pakistan,33.697612,72.971079,125,p2,63,p2,31,61,997,125,4.18
2025-06-30T18:00:00.000Z,Islamabad,Islamabad,Pakistan,33.697612,72.971079,119,p2,60,p2,30,67,997,117,4.22
2025-06-30T19:00:00.000Z,Islamabad,Islamabad,Pakistan,33.697612,72.971079,116,p2,58,p2,30,67,996,124,3.42
2025-06-30T20:00:00.000Z,Islamabad,Islamabad,Pakistan,33.697612,72.971079,124,p2,63,p2,28,74,997,115,3.33
2025-06-30T21:00:00.000Z,Islamabad,Islamabad,Pakistan,33.697612,72.971079,113,p2,57,p2,28,76,997,117,3.38
2025-06-30T22:00:00.000Z,Islamabad,Islamabad,Pakistan,33.697612,72.971079,112,p2,56,p2,27,78,997,129,3.36
2025-06-30T23:00:00.000Z,Islamabad,Islamabad,Pakistan,33.697612,72.971079,57,p2,18,p2,27,82,997,131,4.5
2025-07-01T02:00:00.000Z,Islamabad,Islamabad,Pakistan,33.697612,72.971079,44,p2,11,p2,26,87,1001,127,5.38
2025-07-01T03:00:00.000Z,Islamabad,Islamabad,Pakistan,33.697612,72.971079,44,p2,11,p2,26,78,1002,129,5.31
2025-07-01T05:00:00.000Z,Islamabad,Islamabad,Pakistan,33.697612,72.971079,60,p2,20,p2,28,73,1002,132,5.8
2025-07-01T06:00:00.000Z,Islamabad,Islamabad,Pakistan,33.697612,72.971079,69,p2,27,p2,28,70,1001,133,4.78
2025-07-01T07:00:00.000Z,Islamabad,Islamabad,Pakistan,33.697612,72.971079,88,p2,41,p2,32,69,1001,127,5.66
2025-07-01T08:00:00.000Z,Islamabad,Islamabad,Pakistan,33.697612,72.971079,96,p2,47,p2,33,60,999,133,5.84
2025-07-01T09:00:00.000Z,Islamabad,Islamabad,Pakistan,33.697612,72.971079,110,p2,55,p2,33,67,1000,130,5.7
2025-07-01T10:00:00.000Z,Islamabad,Islamabad,Pakistan,33.697612,72.971079,112,p2,56,p2,32,56,998,127,5.12
2025-07-01T11:00:00.000Z,Islamabad,Islamabad,Pakistan,33.697612,72.971079,96,p2,47,p2,32,57,997,125,4.94
2025-07-01T12:00:00.000Z,Islamabad,Islamabad,Pakistan,33.697612,72.971079,102,p2,51,p2,32,57,997,117,5.58
2025-07-01T13:00:00.000Z,Islamabad,Islamabad,Pakistan,33.697612,72.971079,97,p2,49,p2,31,61,997,106,5.42
2025-07-01T14:00:00.000Z,Islamabad,Islamabad,Pakistan,33.697612,72.971079,102,p2,51,p2,30,65,998,109,3.98
2025-07-01T15:00:00.000Z,Islamabad,Islamabad,Pakistan,33.697612,72.971079,100,p2,51,p2,30,67,998,110,3.93
2025-07-01T16:00:00.000Z,Islamabad,Islamabad,Pakistan,33.697612,72.971079,98,p2,49,p2,29,69,999,117,4.02
2025-07-01T17:00:00.000Z,Islamabad,Islamabad,Pakistan,33.697612,72.971079,101,p2,51,p2,29,70,999,119,3.79
2025-07-01T18:00:00.000Z,Islamabad,Islamabad,Pakistan,33.697612,72.971079,101,p2,51,p2,29,73,999,123,3.79
2025-07-01T19:00:00.000Z,Islamabad,Islamabad,Pakistan,33.697612,72.971079,98,p2,49,p2,28,76,999,122,4.1
2025-07-01T20:00:00.000Z,Islamabad,Islamabad,Pakistan,33.697612,72.971079,90,p2,43,p2,27,81,998,124,5.18
2025-07-01T21:00:00.000Z,Islamabad,Islamabad,Pakistan,33.697612,72.971079,86,p2,40,p2,27,82,998,114,4.31
2025-07-01T22:00:00.000Z,Islamabad,Islamabad,Pakistan,33.697612,72.971079,84,p2,39,p2,27,81,998,109,4.06
2025-07-01T23:00:00.000Z,Islamabad,Islamabad,Pakistan,33.697612,72.971079,77,p2,33,p2,27,81,999,128,4.37
2025-07-02T01:00:00.000Z,Islamabad,Islamabad,Pakistan,33.697612,72.971079,73,p2,30,p2,26,89,1003,100,4.34
2025-07-02T03:00:00.000Z,Islamabad,Islamabad,Pakistan,33.697612,72.971079,57,p2,18,p2,27,90,1004,101,4.42
2025-07-02T04:00:00.000Z,Islamabad,Islamabad,Pakistan,33.697612,72.971079,61,p2,21,p2,28,87,1004,110,4.55
2025-07-02T05:00:00.000Z,Islamabad,Islamabad,Pakistan,33.697612,72.971079,68,p2,26,p2,29,86,1004,117,4.66
2025-07-02T06:00:00.000Z,Islamabad,Islamabad,Pakistan,33.697612,72.971079,59,p2,19,p2,30,83,1004,128,4.41
2025-07-02T07:00:00.000Z,Islamabad,Islamabad,Pakistan,33.697612,72.971079,51,p2,13,p2,30,74,1003,130,4.09
2025-07-02T08:00:00.000Z,Islamabad,Islamabad,Pakistan,33.697612,72.971079,50,p2,13,p2,31,68,1001,133,3.49
2025-07-02T09:00:00.000Z,Islamabad,Islamabad,Pakistan,33.697612,72.971079,44,p2,11,p2,32,64,1002,117,3.03
2025-07-02T10:00:00.000Z,Islamabad,Islamabad,Pakistan,33.697612,72.971079,44,p2,11,p2,32,61,1001,99,3.1
2025-07-02T11:00:00.000Z,Islamabad,Islamabad,Pakistan,33.697612,72.971079,44,p2,11,p2,32,56,998,95,3.32
2025-07-02T12:00:00.000Z,Islamabad,Islamabad,Pakistan,33.697612,72.971079,50,p2,13,p2,32,56,997,101,4.17
2025-07-02T13:00:00.000Z,Islamabad,Islamabad,Pakistan,33.697612,72.971079,50,p2,13,p2,31,60,998,103,3.67
2025-07-02T14:00:00.000Z,Islamabad,Islamabad,Pakistan,33.697612,72.971079,53,p2,14,p2,31,62,998,102,3.45
2025-07-02T15:00:00.000Z,Islamabad,Islamabad,Pakistan,33.697612,72.971079,55,p2,16,p2,30,64,998,100,3.7
2025-07-02T16:00:00.000Z,Islamabad,Islamabad,Pakistan,33.697612,72.971079,58,p2,19,p2,30,65,999,100,3.54
2025-07-02T17:00:00.000Z,Islamabad,Islamabad,Pakistan,33.697612,72.971079,61,p2,20,p2,29,66,1000,92,3.07
2025-07-02T18:00:00.000Z,Islamabad,Islamabad,Pakistan,33.697612,72.971079,66,p2,24,p2,29,66,1000,90,2.65
2025-07-02T19:00:00.000Z,Islamabad,Islamabad,Pakistan,33.697612,72.971079,68,p2,26,p2,29,67,999,86,2.93
2025-07-02T20:00:00.000Z,Islamabad,Islamabad,Pakistan,33.697612,72.971079,64,p2,23,p2,28,67,999,84,3.09
2025-07-02T21:00:00.000Z,Islamabad,Islamabad,Pakistan,33.697612,72.971079,66,p2,24,p2,28,66,999,84,3.26
2025-07-02T22:00:00.000Z,Islamabad,Islamabad,Pakistan,33.697612,72.971079,66,p2,24,p2,28,67,999,80,3.03
2025-07-02T23:00:00.000Z,Islamabad,Islamabad,Pakistan,33.697612,72.971079,63,p2,22,p2,28,68,999,82,2.92
2025-07-03T01:00:00.000Z,Islamabad,Islamabad,Pakistan,33.697612,72.971079,62,p2,21,p2,28,70,1001,93,1.52
2025-07-03T03:00:00.000Z,Islamabad,Islamabad,Pakistan,33.697612,72.971079,66,p2,24,p2,28,71,1001,112,1.13
2025-07-03T04:00:00.000Z,Islamabad,Islamabad,Pakistan,33.697612,72.971079,75,p2,31,p2,28,71,1002,120,0.87
2025-07-03T05:00:00.000Z,Islamabad,Islamabad,Pakistan,33.697612,72.971079,80,p2,36,p2,29,71,1002,132,1.06
2025-07-03T06:00:00.000Z,Islamabad,Islamabad,Pakistan,33.697612,72.971079,89,p2,42,p2,29,69,1002,98,1.48
2025-07-03T07:00:00.000Z,Islamabad,Islamabad,Pakistan,33.697612,72.971079,91,p2,44,p2,31,60,1001,82,1.17
2025-07-03T08:00:00.000Z,Islamabad,Islamabad,Pakistan,33.697612,72.971079,97,p2,49,p2,31,57,1001,94,0.49
2025-07-03T09:00:00.000Z,Islamabad,Islamabad,Pakistan,33.697612,72.971079,106,p2,53,p2,32,52,1000,126,0.22
2025-07-03T10:00:00.000Z,Islamabad,Islamabad,Pakistan,33.697612,72.971079,111,p2,56,p2,33,48,999,141,1.29
2025-07-03T11:00:00.000Z,Islamabad,Islamabad,Pakistan,33.697612,72.971079,115,p2,58,p2,34,46,999,128,3.15
2025-07-03T12:00:00.000Z,Islamabad,Islamabad,Pakistan,33.697612,72.971079,102,p2,51,p2,34,48,998,139,1.48
2025-07-03T13:00:00.000Z,Islamabad,Islamabad,Pakistan,33.697612,72.971079,102,p2,51,p2,33,50,998,135,1.86
2025-07-03T14:00:00.000Z,Islamabad,Islamabad,Pakistan,33.697612,72.971079,99,p2,49,p2,32,55,998,119,1.76
2025-07-03T15:00:00.000Z,Islamabad,Islamabad,Pakistan,33.697612,72.971079,112,p2,56,p2,31,58,999,119,2.54
2025-07-03T16:00:00.000Z,Islamabad,Islamabad,Pakistan,33.697612,72.971079,140,p2,71,p2,31,61,999,121,2.88
2025-07-03T17:00:00.000Z,Islamabad,Islamabad,Pakistan,33.697612,72.971079,147,p2,74,p2,30,64,1000,118,3.27
2025-07-03T18:00:00.000Z,Islamabad,Islamabad,Pakistan,33.697612,72.971079,151,p2,76,p2,31,60,999,113,3.55
2025-07-03T19:00:00.000Z,Islamabad,Islamabad,Pakistan,33.697612,72.971079,148,p2,74,p2,30,62,1000,111,3.68
2025-07-03T20:00:00.000Z,Islamabad,Islamabad,Pakistan,33.697612,72.971079,137,p2,69,p2,30,63,1000,115,3.78
2025-07-03T21:00:00.000Z,Islamabad,Islamabad,Pakistan,33.697612,72.971079,133,p2,67,p2,30,62,1000,119,4.7
2025-07-03T22:00:00.000Z,Islamabad,Islamabad,Pakistan,33.697612,72.971079,133,p2,67,p2,30,64,1000,119,4.13
2025-07-03T23:00:00.000Z,Islamabad,Islamabad,Pakistan,33.697612,72.971079,138,p2,69,p2,29,69,1000,119,3.62
2025-07-04T02:00:00.000Z,Islamabad,Islamabad,Pakistan,33.697612,72.971079,120,p2,60,p2,29,71,1002,103,3.06
2025-07-04T03:00:00.000Z,Islamabad,Islamabad,Pakistan,33.697612,72.971079,130,p2,65,p2,29,69,1002,93,2.79
2025-07-04T04:00:00.000Z,Islamabad,Islamabad,Pakistan,33.697612,72.971079,127,p2,64,p2,29,67,1002,102,2.86
2025-07-04T05:00:00.000Z,Islamabad,Islamabad,Pakistan,33.697612,72.971079,140,p2,71,p2,29,68,1002,109,2.55
2025-07-04T06:00:00.000Z,Islamabad,Islamabad,Pakistan,33.697612,72.971079,140,p2,71,p2,30,66,1002,146,2.42
2025-07-04T07:00:00.000Z,Islamabad,Islamabad,Pakistan,33.697612,72.971079,155,p2,82,p2,34,51,1000,162,2.46
2025-07-04T08:00:00.000Z,Islamabad,Islamabad,Pakistan,33.697612,72.971079,138,p2,69,p2,35,50,999,175,2.04
2025-07-04T09:00:00.000Z,Islamabad,Islamabad,Pakistan,33.697612,72.971079,130,p2,65,p2,36,42,998,184,1.89
2025-07-04T10:00:00.000Z,Islamabad,Islamabad,Pakistan,33.697612,72.971079,133,p2,67,p2,37,39,997,196,1.81
2025-07-04T11:00:00.000Z,Islamabad,Islamabad,Pakistan,33.697612,72.971079,124,p2,63,p2,37,38,996,195,1.51
2025-07-04T12:00:00.000Z,Islamabad,Islamabad,Pakistan,33.697612,72.971079,118,p2,59,p2,37,37,996,201,1.84
2025-07-04T13:00:00.000Z,Islamabad,Islamabad,Pakistan,33.697612,72.971079,133,p2,67,p2,36,43,996,146,2.5
2025-07-04T14:00:00.000Z,Islamabad,Islamabad,Pakistan,33.697612,72.971079,128,p2,65,p2,35,46,996,136,3.53
2025-07-04T15:00:00.000Z,Islamabad,Islamabad,Pakistan,33.697612,72.971079,148,p2,74,p2,34,49,997,135,4.21
2025-07-04T16:00:00.000Z,Islamabad,Islamabad,Pakistan,33.697612,72.971079,142,p2,71,p2,33,52,997,125,4.41
2025-07-04T17:00:00.000Z,Islamabad,Islamabad,Pakistan,33.697612,72.971079,134,p2,68,p2,33,55,998,114,4.02
2025-07-04T18:00:00.000Z,Islamabad,Islamabad,Pakistan,33.697612,72.971079,139,p2,70,p2,32,57,998,116,4.06
2025-07-04T19:00:00.000Z,Islamabad,Islamabad,Pakistan,33.697612,72.971079,151,p2,76,p2,32,59,998,114,3.97
2025-07-04T20:00:00.000Z,Islamabad,Islamabad,Pakistan,33.697612,72.971079,135,p2,68,p2,31,65,999,129,4.73
2025-07-04T21:00:00.000Z,Islamabad,Islamabad,Pakistan,33.697612,72.971079,96,p2,47,p2,31,65,999,134,4.93
2025-07-04T22:00:00.000Z,Islamabad,Islamabad,Pakistan,33.697612,72.971079,88,p2,41,p2,30,66,999,126,4.69
2025-07-04T23:00:00.000Z,Islamabad,Islamabad,Pakistan,33.697612,72.971079,112,p2,56,p2,30,68,999,126,4.34
2025-07-05T01:00:00.000Z,Islamabad,Islamabad,Pakistan,33.697612,72.971079,151,p2,76,p2,29,75,1000,124,3.51
2025-07-05T03:00:00.000Z,Islamabad,Islamabad,Pakistan,33.697612,72.971079,158,p2,88,p2,29,83,1002,129,3.51
2025-07-05T04:00:00.000Z,Islamabad,Islamabad,Pakistan,33.697612,72.971079,159,p2,89,p2,30,80,1002,123,3.12
2025-07-05T05:00:00.000Z,Islamabad,Islamabad,Pakistan,33.697612,72.971079,160,p2,92,p2,30,79,1002,126,3.05
2025-07-05T06:00:00.000Z,Islamabad,Islamabad,Pakistan,33.697612,72.971079,160,p2,92,p2,31,70,1000,143,2.37
2025-07-05T07:00:00.000Z,Islamabad,Islamabad,Pakistan,33.697612,72.971079,163,p2,97,p2,33,72,999,165,1.96
2025-07-05T08:00:00.000Z,Islamabad,Islamabad,Pakistan,33.697612,72.971079,167,p2,105,p2,35,65,998,193,1.47
2025-07-05T09:00:00.000Z,Islamabad,Islamabad,Pakistan,33.697612,72.971079,159,p2,91,p2,36,62,997,201,1.57
2025-07-05T10:00:00.000Z,Islamabad,Islamabad,Pakistan,33.697612,72.971079,156,p2,84,p2,37,44,994,197,2.07
2025-07-05T11:00:00.000Z,Islamabad,Islamabad,Pakistan,33.697612,72.971079,159,p2,89,p2,37,43,994,191,2.52
2025-07-05T12:00:00.000Z,Islamabad,Islamabad,Pakistan,33.697612,72.971079,155,p2,83,p2,36,46,994,172,2.95
2025-07-05T13:00:00.000Z,Islamabad,Islamabad,Pakistan,33.697612,72.971079,156,p2,85,p2,36,69,996,153,2.35
2025-07-05T14:00:00.000Z,Islamabad,Islamabad,Pakistan,33.697612,72.971079,160,p2,92,p2,35,75,996,137,2.96
2025-07-05T15:00:00.000Z,Islamabad,Islamabad,Pakistan,33.697612,72.971079,157,p2,87,p2,34,78,998,129,4
2025-07-05T16:00:00.000Z,Islamabad,Islamabad,Pakistan,33.697612,72.971079,152,p2,78,p2,33,78,999,124,5.27
2025-07-05T17:00:00.000Z,Islamabad,Islamabad,Pakistan,33.697612,72.971079,151,p2,76,p2,33,78,999,120,4.79
2025-07-05T18:00:00.000Z,Islamabad,Islamabad,Pakistan,33.697612,72.971079,152,p2,77,p2,33,69,998,113,4.33
2025-07-05T19:00:00.000Z,Islamabad,Islamabad,Pakistan,33.697612,72.971079,151,p2,76,p2,31,81,999,106,4.12
2025-07-05T20:00:00.000Z,Islamabad,Islamabad,Pakistan,33.697612,72.971079,113,p2,57,p2,31,66,996,126,4.75
2025-07-05T21:00:00.000Z,Islamabad,Islamabad,Pakistan,33.697612,72.971079,69,p2,27,p2,31,83,999,130,5.24
2025-07-05T22:00:00.000Z,Islamabad,Islamabad,Pakistan,33.697612,72.971079,73,p2,30,p2,30,72,996,128,5.54
2025-07-05T23:00:00.000Z,Islamabad,Islamabad,Pakistan,33.697612,72.971079,63,p2,23,p2,30,84,995,125,5.79
2025-07-06T02:00:00.000Z,Islamabad,Islamabad,Pakistan,33.697612,72.971079,50,p2,13,p2,29,88,1002,115,4.39
2025-07-06T03:00:00.000Z,Islamabad,Islamabad,Pakistan,33.697612,72.971079,54,p2,15,p2,29,84,1001,137,4.19
2025-07-06T04:00:00.000Z,Islamabad,Islamabad,Pakistan,33.697612,72.971079,33,p2,9,p2,29,72,999,165,1.4
2025-07-06T05:00:00.000Z,Islamabad,Islamabad,Pakistan,33.697612,72.971079,47,p2,12,p2,29,77,1000,139,4.65
2025-07-06T06:00:00.000Z,Islamabad,Islamabad,Pakistan,33.697612,72.971079,53,p2,14,p2,31,69,999,136,3.94
2025-07-06T07:00:00.000Z,Islamabad,Islamabad,Pakistan,33.697612,72.971079,62,p2,22,p2,31,67,999,142,3.64
2025-07-06T08:00:00.000Z,Islamabad,Islamabad,Pakistan,33.697612,72.971079,59,p2,19,p2,32,70,997,140,4.58
2025-07-06T09:00:00.000Z,Islamabad,Islamabad,Pakistan,33.697612,72.971079,55,p2,16,p2,33,54,996,148,4.54
2025-07-06T10:00:00.000Z,Islamabad,Islamabad,Pakistan,33.697612,72.971079,53,p2,15,p2,34,52,996,144,4.15
2025-07-06T11:00:00.000Z,Islamabad,Islamabad,Pakistan,33.697612,72.971079,52,p2,14,p2,34,51,995,142,3.58
2025-07-06T12:00:00.000Z,Islamabad,Islamabad,Pakistan,33.697612,72.971079,51,p2,13,p2,34,52,995,144,3.53
2025-07-06T13:00:00.000Z,Islamabad,Islamabad,Pakistan,33.697612,72.971079,53,p2,15,p2,28,61,995,139,2.49
2025-07-06T14:00:00.000Z,Islamabad,Islamabad,Pakistan,33.697612,72.971079,60,p2,20,p2,27,64,996,137,2.2
2025-07-06T15:00:00.000Z,Islamabad,Islamabad,Pakistan,33.697612,72.971079,64,p2,23,p2,28,66,996,126,2.83
2025-07-06T16:00:00.000Z,Islamabad,Islamabad,Pakistan,33.697612,72.971079,65,p2,24,p2,27,68,996,112,2.46
2025-07-06T17:00:00.000Z,Islamabad,Islamabad,Pakistan,33.697612,72.971079,79,p2,34,p2,28,70,997,94,2.89
2025-07-06T18:00:00.000Z,Islamabad,Islamabad,Pakistan,33.697612,72.971079,65,p2,24,p2,28,72,997,105,2.34
2025-07-06T19:00:00.000Z,Islamabad,Islamabad,Pakistan,33.697612,72.971079,64,p2,23,p2,29,72,997,105,2.47
2025-07-06T20:00:00.000Z,Islamabad,Islamabad,Pakistan,33.697612,72.971079,68,p2,26,p2,28,75,997,94,2.28
2025-07-06T21:00:00.000Z,Islamabad,Islamabad,Pakistan,33.697612,72.971079,94,p2,46,p2,29,74,996,87,2.47
2025-07-06T22:00:00.000Z,Islamabad,Islamabad,Pakistan,33.697612,72.971079,94,p2,46,p2,29,74,996,118,2.35
2025-07-06T23:00:00.000Z,Islamabad,Islamabad,Pakistan,33.697612,72.971079,94,p2,46,p2,27,78,996,86,3.12
2025-07-07T02:00:00.000Z,Islamabad,Islamabad,Pakistan,33.697612,72.971079,91,p2,44,p2,23,73,998,109,2.58
2025-07-07T03:00:00.000Z,Islamabad,Islamabad,Pakistan,33.697612,72.971079,84,p2,39,p2,29,68,998,134,3.39
2025-07-07T04:00:00.000Z,Islamabad,Islamabad,Pakistan,33.697612,72.971079,71,p2,28,p2,28,62,998,140,4.26
2025-07-07T05:00:00.000Z,Islamabad,Islamabad,Pakistan,33.697612,72.971079,71,p2,28,p2,29,59,998,138,4.49
2025-07-07T06:00:00.000Z,Islamabad,Islamabad,Pakistan,33.697612,72.971079,72,p2,29,p2,30,56,998,154,4.82
2025-07-07T07:00:00.000Z,Islamabad,Islamabad,Pakistan,33.697612,72.971079,71,p2,29,p2,32,55,998,162,4.17
2025-07-07T08:00:00.000Z,Islamabad,Islamabad,Pakistan,33.697612,72.971079,74,p2,31,p2,33,53,998,163,3.27
2025-07-07T09:00:00.000Z,Islamabad,Islamabad,Pakistan,33.697612,72.971079,75,p2,31,p2,33,53,997,160,2.78
2025-07-07T10:00:00.000Z,Islamabad,Islamabad,Pakistan,33.697612,72.971079,72,p2,30,p2,33,51,997,177,2.59
2025-07-07T11:00:00.000Z,Islamabad,Islamabad,Pakistan,33.697612,72.971079,78,p2,34,p2,32,57,997,176,2.89
2025-07-07T12:00:00.000Z,Islamabad,Islamabad,Pakistan,33.697612,72.971079,77,p2,33,p2,31,69,998,126,1.92
2025-07-07T13:00:00.000Z,Islamabad,Islamabad,Pakistan,33.697612,72.971079,71,p2,29,p2,31,76,999,76,3.29
2025-07-07T14:00:00.000Z,Islamabad,Islamabad,Pakistan,33.697612,72.971079,77,p2,33,p2,30,71,999,63,4.37
2025-07-07T15:00:00.000Z,Islamabad,Islamabad,Pakistan,33.697612,72.971079,86,p2,40,p2,30,64,997,65,3.82
2025-07-07T16:00:00.000Z,Islamabad,Islamabad,Pakistan,33.697612,72.971079,77,p2,33,p2,30,64,997,74,3.35
2025-07-07T17:00:00.000Z,Islamabad,Islamabad,Pakistan,33.697612,72.971079,86,p2,40,p2,30,63,998,91,2.63
2025-07-07T18:00:00.000Z,Islamabad,Islamabad,Pakistan,33.697612,72.971079,82,p2,36,p2,29,67,998,70,2.19
2025-07-07T19:00:00.000Z,Islamabad,Islamabad,Pakistan,33.697612,72.971079,84,p2,39,p2,30,64,998,73,2.63
2025-07-07T20:00:00.000Z,Islamabad,Islamabad,Pakistan,33.697612,72.971079,84,p2,39,p2,29,66,998,93,2.62
2025-07-07T21:00:00.000Z,Islamabad,Islamabad,Pakistan,33.697612,72.971079,92,p2,45,p2,27,73,998,103,2.52
2025-07-07T22:00:00.000Z,Islamabad,Islamabad,Pakistan,33.697612,72.971079,96,p2,48,p2,27,79,998,96,2.6
2025-07-07T23:00:00.000Z,Islamabad,Islamabad,Pakistan,33.697612,72.971079,92,p2,45,p2,27,80,998,88,3.75
2025-07-08T01:00:00.000Z,Islamabad,Islamabad,Pakistan,33.697612,72.971079,85,p2,40,p2,27,75,999,97,3.12
2025-07-08T03:00:00.000Z,Islamabad,Islamabad,Pakistan,33.697612,72.971079,81,p2,36,p2,27,78,1000,174,1.43
2025-07-08T04:00:00.000Z,Islamabad,Islamabad,Pakistan,33.697612,72.971079,92,p2,44,p2,26,82,1001,286,3.11
2025-07-08T05:00:00.000Z,Islamabad,Islamabad,Pakistan,33.697612,72.971079,115,p2,58,p2,26,82,1001,328,2.28
2025-07-08T06:00:00.000Z,Islamabad,Islamabad,Pakistan,33.697612,72.971079,112,p2,56,p2,27,79,1000,45,1.03
2025-07-08T06:00:00.000Z,Islamabad,Islamabad,Pakistan,33.697612,72.971079,112,p2,56,p2,29,62,1000,90,1.94
2025-07-08T06:00:00.000Z,Islamabad,Islamabad,Pakistan,33.697612,72.971079,112,p2,56,p2,30,60,1000,123,2.6
2025-07-08T09:00:00.000Z,Islamabad,Islamabad,Pakistan,33.697612,72.971079,100,p2,50,p2,31,58,999,142,3.59
2025-07-08T10:00:00.000Z,Islamabad,Islamabad,Pakistan,33.697612,72.971079,105,p2,53,p2,32,54,998,149,3.24
2025-07-08T11:00:00.000Z,Islamabad,Islamabad,Pakistan,33.697612,72.971079,107,p2,54,p2,29,54,998,136,2.98
2025-07-08T12:00:00.000Z,Islamabad,Islamabad,Pakistan,33.697612,72.971079,75,p2,31,p2,28,61,998,132,2.98
2025-07-08T13:00:00.000Z,Islamabad,Islamabad,Pakistan,33.697612,72.971079,69,p2,27,p2,29,56,997,131,2.74
2025-07-08T14:00:00.000Z,Islamabad,Islamabad,Pakistan,33.697612,72.971079,73,p2,30,p2,31,59,997,129,2.25
2025-07-08T15:00:00.000Z,Islamabad,Islamabad,Pakistan,33.697612,72.971079,81,p2,36,p2,31,60,997,113,2.16
2025-07-08T16:00:00.000Z,Islamabad,Islamabad,Pakistan,33.697612,72.971079,88,p2,41,p2,30,61,998,92,2.42
2025-07-08T17:00:00.000Z,Islamabad,Islamabad,Pakistan,33.697612,72.971079,94,p2,46,p2,30,63,998,85,2.5
2025-07-08T18:00:00.000Z,Islamabad,Islamabad,Pakistan,33.697612,72.971079,99,p2,50,p2,29,68,999,88,2.8
2025-07-08T19:00:00.000Z,Islamabad,Islamabad,Pakistan,33.697612,72.971079,97,p2,48,p2,27,74,999,94,2.84
2025-07-08T20:00:00.000Z,Islamabad,Islamabad,Pakistan,33.697612,72.971079,99,p2,50,p2,27,75,998,87,3.31
2025-07-08T21:00:00.000Z,Islamabad,Islamabad,Pakistan,33.697612,72.971079,96,p2,47,p2,27,77,998,90,4.14
2025-07-08T22:00:00.000Z,Islamabad,Islamabad,Pakistan,33.697612,72.971079,96,p2,47,p2,27,80,997,98,1.6
2025-07-08T23:00:00.000Z,Islamabad,Islamabad,Pakistan,33.697612,72.971079,96,p2,47,p2,26,86,997,344,1.6
2025-07-09T02:00:00.000Z,Islamabad,Islamabad,Pakistan,33.697612,72.971079,39,p2,10,p2,24,91,1002,71,4.27
2025-07-09T03:00:00.000Z,Islamabad,Islamabad,Pakistan,33.697612,72.971079,44,p2,11,p2,23,93,1002,84,4.55
2025-07-09T04:00:00.000Z,Islamabad,Islamabad,Pakistan,33.697612,72.971079,56,p2,17,p2,23,93,1002,68,5.07
2025-07-09T05:00:00.000Z,Islamabad,Islamabad,Pakistan,33.697612,72.971079,58,p2,19,p2,23,83,1003,68,5.68
2025-07-09T06:00:00.000Z,Islamabad,Islamabad,Pakistan,33.697612,72.971079,58,p2,19,p2,24,78,1003,127,2.33
2025-07-09T07:00:00.000Z,Islamabad,Islamabad,Pakistan,33.697612,72.971079,53,p2,14,p2,29,66,1002,128,3
2025-07-09T08:00:00.000Z,Islamabad,Islamabad,Pakistan,33.697612,72.971079,50,p2,13,p2,30,66,1003,130,3.85
2025-07-09T09:00:00.000Z,Islamabad,Islamabad,Pakistan,33.697612,72.971079,38,p2,10,p2,31,67,1002,121,4.19
2025-07-09T10:00:00.000Z,Islamabad,Islamabad,Pakistan,33.697612,72.971079,33,p2,9,p2,31,66,1002,124,4.14
2025-07-09T11:00:00.000Z,Islamabad,Islamabad,Pakistan,33.697612,72.971079,28,p2,7,p2,28,68,1001,111,3.95
2025-07-09T12:00:00.000Z,Islamabad,Islamabad,Pakistan,33.697612,72.971079,33,p2,9,p2,31,64,999,96,4.68
2025-07-09T13:00:00.000Z,Islamabad,Islamabad,Pakistan,33.697612,72.971079,39,p2,10,p2,29,68,1000,97,3.72
2025-07-09T14:00:00.000Z,Islamabad,Islamabad,Pakistan,33.697612,72.971079,44,p2,11,p2,29,68,998,97,3.98
2025-07-09T15:00:00.000Z,Islamabad,Islamabad,Pakistan,33.697612,72.971079,53,p2,14,p2,28,69,999,84,4.04
2025-07-09T16:00:00.000Z,Islamabad,Islamabad,Pakistan,33.697612,72.971079,60,p2,20,p2,27,71,1000,88,4.04
2025-07-09T17:00:00.000Z,Islamabad,Islamabad,Pakistan,33.697612,72.971079,62,p2,21,p2,26,75,1000,92,3.37
2025-07-09T18:00:00.000Z,Islamabad,Islamabad,Pakistan,33.697612,72.971079,50,p2,13,p2,26,78,1000,97,3.75
2025-07-09T19:00:00.000Z,Islamabad,Islamabad,Pakistan,33.697612,72.971079,56,p2,17,p2,26,78,1000,80,3.62
2025-07-09T20:00:00.000Z,Islamabad,Islamabad,Pakistan,33.697612,72.971079,58,p2,19,p2,26,76,1001,79,3.39
2025-07-09T21:00:00.000Z,Islamabad,Islamabad,Pakistan,33.697612,72.971079,61,p2,21,p2,25,83,1000,52,2.6
2025-07-09T22:00:00.000Z,Islamabad,Islamabad,Pakistan,33.697612,72.971079,55,p2,16,p2,25,82,1000,38,2.02
2025-07-09T23:00:00.000Z,Islamabad,Islamabad,Pakistan,33.697612,72.971079,58,p2,18,p2,24,87,1001,88,3.55
2025-07-10T02:00:00.000Z,Islamabad,Islamabad,Pakistan,33.697612,72.971079,58,p2,19,p2,23,87,1004,109,4.02
2025-07-10T03:00:00.000Z,Islamabad,Islamabad,Pakistan,33.697612,72.971079,67,p2,25,p2,24,88,1004,104,3.42
2025-07-10T04:00:00.000Z,Islamabad,Islamabad,Pakistan,33.697612,72.971079,69,p2,27,p2,25,80,1005,111,3.69
2025-07-10T05:00:00.000Z,Islamabad,Islamabad,Pakistan,33.697612,72.971079,64,p2,23,p2,27,80,1006,122,4.5
2025-07-10T06:00:00.000Z,Islamabad,Islamabad,Pakistan,33.697612,72.971079,60,p2,20,p2,29,73,1004,125,5.87
2025-07-10T07:00:00.000Z,Islamabad,Islamabad,Pakistan,33.697612,72.971079,63,p2,22,p2,28,75,1005,119,5.24
2025-07-10T08:00:00.000Z,Islamabad,Islamabad,Pakistan,33.697612,72.971079,60,p2,20,p2,30,70,1005,126,4.53
2025-07-10T09:00:00.000Z,Islamabad,Islamabad,Pakistan,33.697612,72.971079,56,p2,17,p2,29,70,1004,137,4.54
2025-07-10T10:00:00.000Z,Islamabad,Islamabad,Pakistan,33.697612,72.971079,53,p2,14,p2,29,68,1003,146,4.76
2025-07-10T11:00:00.000Z,Islamabad,Islamabad,Pakistan,33.697612,72.971079,53,p2,14,p2,29,68,1003,145,4.95
2025-07-10T12:00:00.000Z,Islamabad,Islamabad,Pakistan,33.697612,72.971079,54,p2,15,p2,30,65,1001,138,4.99
2025-07-10T13:00:00.000Z,Islamabad,Islamabad,Pakistan,33.697612,72.971079,53,p2,15,p2,30,68,999,130,4.7
2025-07-10T14:00:00.000Z,Islamabad,Islamabad,Pakistan,33.697612,72.971079,44,p2,11,p2,29,73,999,120,4.34
2025-07-10T15:00:00.000Z,Islamabad,Islamabad,Pakistan,33.697612,72.971079,52,p2,14,p2,28,75,1004,133,3.82
2025-07-10T16:00:00.000Z,Islamabad,Islamabad,Pakistan,33.697612,72.971079,47,p2,12,p2,28,73,1004,132,3.87
2025-07-10T17:00:00.000Z,Islamabad,Islamabad,Pakistan,33.697612,72.971079,37,p2,10,p2,28,76,1001,135,4.82
2025-07-10T18:00:00.000Z,Islamabad,Islamabad,Pakistan,33.697612,72.971079,47,p2,12,p2,27,74,1003,130,5.15
2025-07-10T19:00:00.000Z,Islamabad,Islamabad,Pakistan,33.697612,72.971079,59,p2,19,p2,26,77,1006,123,5.05
2025-07-10T20:00:00.000Z,Islamabad,Islamabad,Pakistan,33.697612,72.971079,56,p2,17,p2,26,78,1005,118,4.37
2025-07-10T21:00:00.000Z,Islamabad,Islamabad,Pakistan,33.697612,72.971079,54,p2,15,p2,26,79,1005,113,3.44
2025-07-10T22:00:00.000Z,Islamabad,Islamabad,Pakistan,33.697612,72.971079,50,p2,13,p2,26,80,1005,100,3.2
2025-07-10T23:00:00.000Z,Islamabad,Islamabad,Pakistan,33.697612,72.971079,47,p2,12,p2,26,80,1005,98,3.28
2025-07-11T02:00:00.000Z,Islamabad,Islamabad,Pakistan,33.697612,72.971079,56,p2,17,p2,26,79,1006,121,2.88
2025-07-11T03:00:00.000Z,Islamabad,Islamabad,Pakistan,33.697612,72.971079,60,p2,20,p2,28,73,1006,138,3.09
2025-07-11T05:00:00.000Z,Islamabad,Islamabad,Pakistan,33.697612,72.971079,64,p2,23,p2,29,66,1006,133,4.46
2025-07-11T06:00:00.000Z,Islamabad,Islamabad,Pakistan,33.697612,72.971079,66,p2,24,p2,30,63,1004,175,2.76
2025-07-11T07:00:00.000Z,Islamabad,Islamabad,Pakistan,33.697612,72.971079,65,p2,24,p2,33,63,1005,174,3
2025-07-11T08:00:00.000Z,Islamabad,Islamabad,Pakistan,33.697612,72.971079,64,p2,23,p2,33,60,1004,172,3.17
2025-07-11T09:00:00.000Z,Islamabad,Islamabad,Pakistan,33.697612,72.971079,63,p2,22,p2,32,59,1004,175,3.1
2025-07-11T10:00:00.000Z,Islamabad,Islamabad,Pakistan,33.697612,72.971079,62,p2,22,p2,31,59,1003,170,3.01
2025-07-11T11:00:00.000Z,Islamabad,Islamabad,Pakistan,33.697612,72.971079,60,p2,20,p2,30,59,1002,165,2.49
2025-07-11T12:00:00.000Z,Islamabad,Islamabad,Pakistan,33.697612,72.971079,58,p2,18,p2,29,58,1000,169,1.97
2025-07-11T13:00:00.000Z,Islamabad,Islamabad,Pakistan,33.697612,72.971079,59,p2,19,p2,29,61,1001,199,2.48
2025-07-11T14:00:00.000Z,Islamabad,Islamabad,Pakistan,33.697612,72.971079,62,p2,21,p2,28,59,1000,209,1.73
2025-07-11T15:00:00.000Z,Islamabad,Islamabad,Pakistan,33.697612,72.971079,69,p2,26,p2,28,62,1001,149,0.63
2025-07-11T16:00:00.000Z,Islamabad,Islamabad,Pakistan,33.697612,72.971079,73,p2,30,p2,27,65,1001,79,0.98
2025-07-11T17:00:00.000Z,Islamabad,Islamabad,Pakistan,33.697612,72.971079,76,p2,32,p2,27,68,1002,82,2
2025-07-11T18:00:00.000Z,Islamabad,Islamabad,Pakistan,33.697612,72.971079,73,p2,30,p2,27,69,1002,82,2.82
2025-07-11T19:00:00.000Z,Islamabad,Islamabad,Pakistan,33.697612,72.971079,73,p2,30,p2,28,67,1001,62,3.28
2025-07-11T20:00:00.000Z,Islamabad,Islamabad,Pakistan,33.697612,72.971079,74,p2,31,p2,27,70,1002,11,3.46
2025-07-11T21:00:00.000Z,Islamabad,Islamabad,Pakistan,33.697612,72.971079,75,p2,31,p2,25,74,1001,353,3.51
2025-07-11T22:00:00.000Z,Islamabad,Islamabad,Pakistan,33.697612,72.971079,77,p2,33,p2,23,76,1002,328,5.08
2025-07-11T23:00:00.000Z,Islamabad,Islamabad,Pakistan,33.697612,72.971079,80,p2,35,p2,25,70,1001,33,2.79
2025-07-12T02:00:00.000Z,Islamabad,Islamabad,Pakistan,33.697612,72.971079,80,p2,35,p2,27,63,1003,56,0.93
2025-07-12T03:00:00.000Z,Islamabad,Islamabad,Pakistan,33.697612,72.971079,84,p2,38,p2,29,57,1003,128,1.6
2025-07-12T04:00:00.000Z,Islamabad,Islamabad,Pakistan,33.697612,72.971079,86,p2,40,p2,30,56,1003,146,2.44
2025-07-12T05:00:00.000Z,Islamabad,Islamabad,Pakistan,33.697612,72.971079,86,p2,40,p2,31,54,1003,153,2.87
2025-07-12T06:00:00.000Z,Islamabad,Islamabad,Pakistan,33.697612,72.971079,87,p2,41,p2,32,52,1003,155,3.11
2025-07-12T07:00:00.000Z,Islamabad,Islamabad,Pakistan,33.697612,72.971079,73,p2,30,p2,33,44,1003,263,2.2
2025-07-12T08:00:00.000Z,Islamabad,Islamabad,Pakistan,33.697612,72.971079,69,p2,27,p2,33,43,1002,255,2.29
2025-07-12T09:00:00.000Z,Islamabad,Islamabad,Pakistan,33.697612,72.971079,68,p2,26,p2,34,42,1002,258,2.54
2025-07-12T10:00:00.000Z,Islamabad,Islamabad,Pakistan,33.697612,72.971079,68,p2,26,p2,34,40,1001,265,2.48
2025-07-12T11:00:00.000Z,Islamabad,Islamabad,Pakistan,33.697612,72.971079,66,p2,24,p2,34,40,1001,271,2.29
2025-07-12T12:00:00.000Z,Islamabad,Islamabad,Pakistan,33.697612,72.971079,67,p2,25,p2,34,40,1000,291,1.7
2025-07-12T13:00:00.000Z,Islamabad,Islamabad,Pakistan,33.697612,72.971079,71,p2,29,p2,34,41,1000,313,1.06
2025-07-12T14:00:00.000Z,Islamabad,Islamabad,Pakistan,33.697612,72.971079,72,p2,29,p2,33,47,1000,10,1.36
2025-07-12T15:00:00.000Z,Islamabad,Islamabad,Pakistan,33.697612,72.971079,86,p2,40,p2,32,48,1001,43,2.45
2025-07-12T16:00:00.000Z,Islamabad,Islamabad,Pakistan,33.697612,72.971079,88,p2,41,p2,31,51,1002,58,2.91
2025-07-12T17:00:00.000Z,Islamabad,Islamabad,Pakistan,33.697612,72.971079,88,p2,41,p2,31,51,1001,70,2.77
2025-07-12T18:00:00.000Z,Islamabad,Islamabad,Pakistan,33.697612,72.971079,92,p2,44,p2,31,52,1002,73,2.59
2025-07-12T19:00:00.000Z,Islamabad,Islamabad,Pakistan,33.697612,72.971079,95,p2,46,p2,30,51,1002,85,2.68
2025-07-12T20:00:00.000Z,Islamabad,Islamabad,Pakistan,33.697612,72.971079,92,p2,44,p2,30,52,1002,102,2.58
2025-07-12T21:00:00.000Z,Islamabad,Islamabad,Pakistan,33.697612,72.971079,94,p2,46,p2,29,54,1002,96,2.16
2025-07-12T22:00:00.000Z,Islamabad,Islamabad,Pakistan,33.697612,72.971079,97,p2,48,p2,29,54,1002,77,2.15
2025-07-12T23:00:00.000Z,Islamabad,Islamabad,Pakistan,33.697612,72.971079,96,p2,47,p2,29,56,1002,81,2.47
2025-07-13T02:00:00.000Z,Islamabad,Islamabad,Pakistan,33.697612,72.971079,102,p2,51,p2,29,56,1003,89,2.65
2025-07-13T03:00:00.000Z,Islamabad,Islamabad,Pakistan,33.697612,72.971079,106,p2,53,p2,32,50,1003,135,2.26
2025-07-13T05:00:00.000Z,Islamabad,Islamabad,Pakistan,33.697612,72.971079,127,p2,64,p2,33,47,1003,157,2.29
2025-07-13T06:00:00.000Z,Islamabad,Islamabad,Pakistan,33.697612,72.971079,125,p2,63,p2,34,44,1003,219,1.85
2025-07-13T07:00:00.000Z,Islamabad,Islamabad,Pakistan,33.697612,72.971079,120,p2,60,p2,35,39,1002,213,1.89
2025-07-13T08:00:00.000Z,Islamabad,Islamabad,Pakistan,33.697612,72.971079,117,p2,59,p2,36,34,1001,204,2.19
2025-07-13T09:00:00.000Z,Islamabad,Islamabad,Pakistan,33.697612,72.971079,107,p2,54,p2,37,30,1000,198,2.65
2025-07-13T10:00:00.000Z,Islamabad,Islamabad,Pakistan,33.697612,72.971079,107,p2,54,p2,37,28,999,193,3.09
2025-07-13T11:00:00.000Z,Islamabad,Islamabad,Pakistan,33.697612,72.971079,108,p2,54,p2,37,27,999,179,3.25
2025-07-13T12:00:00.000Z,Islamabad,Islamabad,Pakistan,33.697612,72.971079,90,p2,43,p2,37,27,998,159,2.2
2025-07-13T13:00:00.000Z,Islamabad,Islamabad,Pakistan,33.697612,72.971079,61,p2,21,p2,36,32,999,143,2.33
2025-07-13T14:00:00.000Z,Islamabad,Islamabad,Pakistan,33.697612,72.971079,63,p2,22,p2,33,69,1003,145,5.27
2025-07-13T15:00:00.000Z,Islamabad,Islamabad,Pakistan,33.697612,72.971079,62,p2,21,p2,30,74,1001,201,5.04
2025-07-13T16:00:00.000Z,Islamabad,Islamabad,Pakistan,33.697612,72.971079,69,p2,27,p2,26,74,1006,275,4.3
2025-07-13T17:00:00.000Z,Islamabad,Islamabad,Pakistan,33.697612,72.971079,61,p2,21,p2,26,70,1005,356,4.17
2025-07-13T18:00:00.000Z,Islamabad,Islamabad,Pakistan,33.697612,72.971079,53,p2,15,p2,26,71,1005,320,1.31
2025-07-13T19:00:00.000Z,Islamabad,Islamabad,Pakistan,33.697612,72.971079,56,p2,17,p2,30,52,1001,47,2.36
2025-07-13T20:00:00.000Z,Islamabad,Islamabad,Pakistan,33.697612,72.971079,55,p2,16,p2,30,54,1001,75,3.08
2025-07-13T21:00:00.000Z,Islamabad,Islamabad,Pakistan,33.697612,72.971079,61,p2,20,p2,29,58,1001,74,1.7
2025-07-13T22:00:00.000Z,Islamabad,Islamabad,Pakistan,33.697612,72.971079,56,p2,17,p2,28,63,1001,301,0.74
2025-07-13T23:00:00.000Z,Islamabad,Islamabad,Pakistan,33.697612,72.971079,50,p2,13,p2,27,67,1002,329,1.09
2025-07-14T02:00:00.000Z,Islamabad,Islamabad,Pakistan,33.697612,72.971079,58,p2,18,p2,28,74,1005,71,1.75
2025-07-14T03:00:00.000Z,Islamabad,Islamabad,Pakistan,33.697612,72.971079,62,p2,21,p2,30,64,1005,122,2.79
2025-07-14T05:00:00.000Z,Islamabad,Islamabad,Pakistan,33.697612,72.971079,66,p2,24,p2,32,60,1005,126,3.13
2025-07-14T06:00:00.000Z,Islamabad,Islamabad,Pakistan,33.697612,72.971079,71,p2,28,p2,33,54,1003,128,4.41
2025-07-14T07:00:00.000Z,Islamabad,Islamabad,Pakistan,33.697612,72.971079,78,p2,34,p2,33,56,1004,131,4.09
2025-07-14T08:00:00.000Z,Islamabad,Islamabad,Pakistan,33.697612,72.971079,83,p2,38,p2,34,54,1003,121,4.12
2025-07-14T09:00:00.000Z,Islamabad,Islamabad,Pakistan,33.697612,72.971079,88,p2,41,p2,34,57,1003,120,4.79
2025-07-14T10:00:00.000Z,Islamabad,Islamabad,Pakistan,33.697612,72.971079,92,p2,44,p2,32,60,1003,177,7.33
2025-07-14T11:00:00.000Z,Islamabad,Islamabad,Pakistan,33.697612,72.971079,73,p2,30,p2,26,65,1004,185,7.43
2025-07-14T12:00:00.000Z,Islamabad,Islamabad,Pakistan,33.697612,72.971079,73,p2,30,p2,27,83,1000,101,0.68
2025-07-14T13:00:00.000Z,Islamabad,Islamabad,Pakistan,33.697612,72.971079,74,p2,31,p2,25,77,1002,33,3.33
2025-07-14T14:00:00.000Z,Islamabad,Islamabad,Pakistan,33.697612,72.971079,72,p2,30,p2,20,66,1001,30,3.4
2025-07-14T15:00:00.000Z,Islamabad,Islamabad,Pakistan,33.697612,72.971079,79,p2,34,p2,22,79,1003,21,1.81
2025-07-14T16:00:00.000Z,Islamabad,Islamabad,Pakistan,33.697612,72.971079,89,p2,42,p2,22,82,1003,28,2.24
2025-07-14T17:00:00.000Z,Islamabad,Islamabad,Pakistan,33.697612,72.971079,81,p2,36,p2,23,81,1004,32,1.1
2025-07-14T18:00:00.000Z,Islamabad,Islamabad,Pakistan,33.697612,72.971079,84,p2,39,p2,23,72,1003,141,0.44
2025-07-14T19:00:00.000Z,Islamabad,Islamabad,Pakistan,33.697612,72.971079,86,p2,40,p2,26,78,1004,103,0.67
2025-07-14T20:00:00.000Z,Islamabad,Islamabad,Pakistan,33.697612,72.971079,84,p2,39,p2,26,81,1004,81,1.66
2025-07-14T21:00:00.000Z,Islamabad,Islamabad,Pakistan,33.697612,72.971079,75,p2,31,p2,26,81,1004,101,1.63
2025-07-14T22:00:00.000Z,Islamabad,Islamabad,Pakistan,33.697612,72.971079,77,p2,33,p2,26,80,1004,96,1.39
2025-07-14T23:00:00.000Z,Islamabad,Islamabad,Pakistan,33.697612,72.971079,75,p2,31,p2,26,82,1004,57,1.16
2025-07-15T02:00:00.000Z,Islamabad,Islamabad,Pakistan,33.697612,72.971079,67,p2,25,p2,25,78,1004,143,0.91
2025-07-15T03:00:00.000Z,Islamabad,Islamabad,Pakistan,33.697612,72.971079,59,p2,19,p2,28,50,1002,156,1.51
2025-07-15T05:00:00.000Z,Islamabad,Islamabad,Pakistan,33.697612,72.971079,73,p2,30,p2,29,52,1002,162,2.43
2025-07-15T06:00:00.000Z,Islamabad,Islamabad,Pakistan,33.697612,72.971079,69,p2,26,p2,29,50,1002,165,3.48
2025-07-15T07:00:00.000Z,Islamabad,Islamabad,Pakistan,33.697612,72.971079,56,p2,17,p2,24,85,1004,249,1.23
2025-07-15T08:00:00.000Z,Islamabad,Islamabad,Pakistan,33.697612,72.971079,61,p2,21,p2,24,82,1003,341,2.14
2025-07-15T09:00:00.000Z,Islamabad,Islamabad,Pakistan,33.697612,72.971079,55,p2,16,p2,25,75,1002,319,2.6
2025-07-15T10:00:00.000Z,Islamabad,Islamabad,Pakistan,33.697612,72.971079,42,p2,11,p2,25,74,1001,330,3.1
2025-07-15T11:00:00.000Z,Islamabad,Islamabad,Pakistan,33.697612,72.971079,50,p2,13,p2,25,74,1001,320,2.8
2025-07-15T12:00:00.000Z,Islamabad,Islamabad,Pakistan,33.697612,72.971079,64,p2,23,p2,26,71,1000,322,4.44
2025-07-15T13:00:00.000Z,Islamabad,Islamabad,Pakistan,33.697612,72.971079,66,p2,25,p2,27,68,1000,324,4.7
2025-07-15T14:00:00.000Z,Islamabad,Islamabad,Pakistan,33.697612,72.971079,64,p2,23,p2,26,71,1000,331,4.52
2025-07-15T15:00:00.000Z,Islamabad,Islamabad,Pakistan,33.697612,72.971079,63,p2,22,p2,25,74,1000,334,3.9
2025-07-15T16:00:00.000Z,Islamabad,Islamabad,Pakistan,33.697612,72.971079,71,p2,29,p2,25,73,1000,325,2.71
2025-07-15T17:00:00.000Z,Islamabad,Islamabad,Pakistan,33.697612,72.971079,83,p2,37,p2,26,72,1001,345,1.32
2025-07-15T18:00:00.000Z,Islamabad,Islamabad,Pakistan,33.697612,72.971079,73,p2,30,p2,26,69,1002,327,0.61
2025-07-15T19:00:00.000Z,Islamabad,Islamabad,Pakistan,33.697612,72.971079,68,p2,26,p2,25,88,1003,263,0.56
2025-07-15T20:00:00.000Z,Islamabad,Islamabad,Pakistan,33.697612,72.971079,73,p2,30,p2,25,81,1002,308,0.95
2025-07-15T21:00:00.000Z,Islamabad,Islamabad,Pakistan,33.697612,72.971079,60,p2,20,p2,25,89,1003,307,1.74
2025-07-15T22:00:00.000Z,Islamabad,Islamabad,Pakistan,33.697612,72.971079,44,p2,11,p2,25,90,1003,308,2.21
2025-07-15T23:00:00.000Z,Islamabad,Islamabad,Pakistan,33.697612,72.971079,66,p2,24,p2,25,90,1003,354,1.46
2025-07-16T02:00:00.000Z,Islamabad,Islamabad,Pakistan,33.697612,72.971079,50,p2,13,p2,22,94,1004,350,4.11
2025-07-16T03:00:00.000Z,Islamabad,Islamabad,Pakistan,33.697612,72.971079,42,p2,11,p2,23,94,1004,344,2.37
2025-07-16T05:00:00.000Z,Islamabad,Islamabad,Pakistan,33.697612,72.971079,58,p2,19,p2,23,83,1003,359,2.44
2025-07-16T06:00:00.000Z,Islamabad,Islamabad,Pakistan,33.697612,72.971079,56,p2,17,p2,24,81,1004,357,3.93
2025-07-16T07:00:00.000Z,Islamabad,Islamabad,Pakistan,33.697612,72.971079,55,p2,16,p2,24,80,1003,45,2.78
2025-07-16T08:00:00.000Z,Islamabad,Islamabad,Pakistan,33.697612,72.971079,44,p2,11,p2,24,86,1002,355,3.35
2025-07-16T09:00:00.000Z,Islamabad,Islamabad,Pakistan,33.697612,72.971079,39,p2,10,p2,24,81,1002,350,2.67
2025-07-16T10:00:00.000Z,Islamabad,Islamabad,Pakistan,33.697612,72.971079,39,p2,10,p2,24,80,1002,9,1.76
2025-07-16T11:00:00.000Z,Islamabad,Islamabad,Pakistan,33.697612,72.971079,39,p2,10,p2,24,80,1002,49,1.82
2025-07-16T12:00:00.000Z,Islamabad,Islamabad,Pakistan,33.697612,72.971079,44,p2,11,p2,24,79,1002,67,1.25
2025-07-16T13:00:00.000Z,Islamabad,Islamabad,Pakistan,33.697612,72.971079,27,p2,7,p2,25,81,1002,116,3.56
2025-07-16T14:00:00.000Z,Islamabad,Islamabad,Pakistan,33.697612,72.971079,39,p2,10,p2,24,83,1002,89,3.74
2025-07-16T15:00:00.000Z,Islamabad,Islamabad,Pakistan,33.697612,72.971079,55,p2,16,p2,25,81,1002,59,2.3
2025-07-16T16:00:00.000Z,Islamabad,Islamabad,Pakistan,33.697612,72.971079,61,p2,20,p2,24,86,1002,34,0.65
2025-07-16T17:00:00.000Z,Islamabad,Islamabad,Pakistan,33.697612,72.971079,66,p2,24,p2,23,93,1002,35,3.13
2025-07-16T18:00:00.000Z,Islamabad,Islamabad,Pakistan,33.697612,72.971079,61,p2,21,p2,21,93,1003,346,0.93
2025-07-16T19:00:00.000Z,Islamabad,Islamabad,Pakistan,33.697612,72.971079,63,p2,22,p2,23,77,1002,48,1.04
2025-07-16T20:00:00.000Z,Islamabad,Islamabad,Pakistan,33.697612,72.971079,63,p2,22,p2,23,80,1002,87,1.45
2025-07-16T21:00:00.000Z,Islamabad,Islamabad,Pakistan,33.697612,72.971079,60,p2,20,p2,23,83,1002,78,1.65
2025-07-16T22:00:00.000Z,Islamabad,Islamabad,Pakistan,33.697612,72.971079,59,p2,19,p2,23,92,1003,31,2.85
2025-07-16T23:00:00.000Z,Islamabad,Islamabad,Pakistan,33.697612,72.971079,60,p2,20,p2,24,94,1003,28,1.14
2025-07-17T02:00:00.000Z,Islamabad,Islamabad,Pakistan,33.697612,72.971079,58,p2,18,p2,24,93,1005,20,1.71
2025-07-17T03:00:00.000Z,Islamabad,Islamabad,Pakistan,33.697612,72.971079,55,p2,16,p2,24,82,1004,17,1.77
2025-07-17T05:00:00.000Z,Islamabad,Islamabad,Pakistan,33.697612,72.971079,61,p2,21,p2,27,67,1005,339,1.58
2025-07-17T06:00:00.000Z,Islamabad,Islamabad,Pakistan,33.697612,72.971079,62,p2,21,p2,29,60,1004,70,0.98
2025-07-17T07:00:00.000Z,Islamabad,Islamabad,Pakistan,33.697612,72.971079,64,p2,23,p2,30,60,1004,114,1.82
2025-07-17T08:00:00.000Z,Islamabad,Islamabad,Pakistan,33.697612,72.971079,65,p2,24,p2,30,61,1004,115,2.28
2025-07-17T09:00:00.000Z,Islamabad,Islamabad,Pakistan,33.697612,72.971079,74,p2,31,p2,30,61,1004,116,3
2025-07-17T10:00:00.000Z,Islamabad,Islamabad,Pakistan,33.697612,72.971079,77,p2,33,p2,30,60,1003,119,3.86
2025-07-17T11:00:00.000Z,Islamabad,Islamabad,Pakistan,33.697612,72.971079,86,p2,40,p2,31,61,1002,123,5.02
2025-07-17T12:00:00.000Z,Islamabad,Islamabad,Pakistan,33.697612,72.971079,90,p2,43,p2,30,62,1002,123,4.78
2025-07-17T13:00:00.000Z,Islamabad,Islamabad,Pakistan,33.697612,72.971079,82,p2,37,p2,29,68,1002,121,4.64
2025-07-17T14:00:00.000Z,Islamabad,Islamabad,Pakistan,33.697612,72.971079,81,p2,36,p2,28,73,1003,123,4.38
2025-07-17T15:00:00.000Z,Islamabad,Islamabad,Pakistan,33.697612,72.971079,84,p2,39,p2,27,77,1004,127,3.9
2025-07-17T16:00:00.000Z,Islamabad,Islamabad,Pakistan,33.697612,72.971079,84,p2,39,p2,27,78,1004,122,3.51
2025-07-17T17:00:00.000Z,Islamabad,Islamabad,Pakistan,33.697612,72.971079,91,p2,44,p2,27,77,1004,121,3.42
2025-07-17T18:00:00.000Z,Islamabad,Islamabad,Pakistan,33.697612,72.971079,91,p2,44,p2,27,84,1005,127,2.95
2025-07-17T19:00:00.000Z,Islamabad,Islamabad,Pakistan,33.697612,72.971079,103,p2,52,p2,26,94,1007,124,2.36
2025-07-17T20:00:00.000Z,Islamabad,Islamabad,Pakistan,33.697612,72.971079,101,p2,51,p2,26,94,1007,120,2.02
2025-07-17T21:00:00.000Z,Islamabad,Islamabad,Pakistan,33.697612,72.971079,100,p2,50,p2,25,94,1006,101,1.9
2025-07-17T22:00:00.000Z,Islamabad,Islamabad,Pakistan,33.697612,72.971079,99,p2,50,p2,25,94,1006,87,1.54
2025-07-17T23:00:00.000Z,Islamabad,Islamabad,Pakistan,33.697612,72.971079,90,p2,43,p2,25,94,1006,73,1.47
2025-07-18T02:00:00.000Z,Islamabad,Islamabad,Pakistan,33.697612,72.971079,91,p2,44,p2,26,91,1006,29,0.37
2025-07-18T03:00:00.000Z,Islamabad,Islamabad,Pakistan,33.697612,72.971079,96,p2,48,p2,29,82,1007,83,0.46
2025-07-18T05:00:00.000Z,Islamabad,Islamabad,Pakistan,33.697612,72.971079,107,p2,54,p2,30,77,1007,133,1.97
2025-07-18T06:00:00.000Z,Islamabad,Islamabad,Pakistan,33.697612,72.971079,117,p2,59,p2,31,67,1006,163,1.89
2025-07-18T07:00:00.000Z,Islamabad,Islamabad,Pakistan,33.697612,72.971079,145,p2,73,p2,31,67,1007,137,2.87
2025-07-18T08:00:00.000Z,Islamabad,Islamabad,Pakistan,33.697612,72.971079,107,p2,54,p2,31,62,1007,129,4.37
2025-07-18T09:00:00.000Z,Islamabad,Islamabad,Pakistan,33.697612,72.971079,73,p2,30,p2,31,64,1006,122,5.09
2025-07-18T10:00:00.000Z,Islamabad,Islamabad,Pakistan,33.697612,72.971079,62,p2,21,p2,31,63,1005,123,5.2
2025-07-18T11:00:00.000Z,Islamabad,Islamabad,Pakistan,33.697612,72.971079,60,p2,20,p2,31,64,1005,127,4.73
2025-07-18T12:00:00.000Z,Islamabad,Islamabad,Pakistan,33.697612,72.971079,61,p2,21,p2,30,64,1004,129,4.78
2025-07-18T13:00:00.000Z,Islamabad,Islamabad,Pakistan,33.697612,72.971079,61,p2,21,p2,29,67,1003,122,4.97
2025-07-18T14:00:00.000Z,Islamabad,Islamabad,Pakistan,33.697612,72.971079,64,p2,23,p2,28,71,1004,113,4.38
2025-07-18T15:00:00.000Z,Islamabad,Islamabad,Pakistan,33.697612,72.971079,69,p2,27,p2,28,75,1004,102,3.65
2025-07-18T16:00:00.000Z,Islamabad,Islamabad,Pakistan,33.697612,72.971079,74,p2,31,p2,28,79,1005,90,3.02
2025-07-18T17:00:00.000Z,Islamabad,Islamabad,Pakistan,33.697612,72.971079,81,p2,36,p2,25,82,1004,94,2.73
2025-07-18T18:00:00.000Z,Islamabad,Islamabad,Pakistan,33.697612,72.971079,84,p2,39,p2,25,80,1003,79,2.22
2025-07-18T19:00:00.000Z,Islamabad,Islamabad,Pakistan,33.697612,72.971079,85,p2,39,p2,25,71,1001,80,2.01
2025-07-18T20:00:00.000Z,Islamabad,Islamabad,Pakistan,33.697612,72.971079,88,p2,41,p2,26,72,1001,65,1.69
2025-07-18T21:00:00.000Z,Islamabad,Islamabad,Pakistan,33.697612,72.971079,84,p2,39,p2,25,72,1001,53,1.32
2025-07-18T22:00:00.000Z,Islamabad,Islamabad,Pakistan,33.697612,72.971079,81,p2,36,p2,25,72,1000,73,1.33
2025-07-18T23:00:00.000Z,Islamabad,Islamabad,Pakistan,33.697612,72.971079,77,p2,33,p2,25,73,1000,95,1.45
2025-07-19T02:00:00.000Z,Islamabad,Islamabad,Pakistan,33.697612,72.971079,78,p2,34,p2,28,83,1004,44,1
2025-07-19T03:00:00.000Z,Islamabad,Islamabad,Pakistan,33.697612,72.971079,78,p2,34,p2,28,76,1005,96,0.98
2025-07-19T04:00:00.000Z,Islamabad,Islamabad,Pakistan,33.697612,72.971079,81,p2,36,p2,29,72,1004,149,1.65
2025-07-19T05:00:00.000Z,Islamabad,Islamabad,Pakistan,33.697612,72.971079,85,p2,39,p2,30,67,1004,153,2.28
2025-07-19T06:00:00.000Z,Islamabad,Islamabad,Pakistan,33.697612,72.971079,79,p2,34,p2,32,62,1004,159,1.95
2025-07-19T07:00:00.000Z,Islamabad,Islamabad,Pakistan,33.697612,72.971079,80,p2,35,p2,33,64,1003,164,1.23
2025-07-19T08:00:00.000Z,Islamabad,Islamabad,Pakistan,33.697612,72.971079,88,p2,41,p2,34,62,1002,173,1.44
2025-07-19T09:00:00.000Z,Islamabad,Islamabad,Pakistan,33.697612,72.971079,92,p2,45,p2,34,60,1001,175,1.94
2025-07-19T10:00:00.000Z,Islamabad,Islamabad,Pakistan,33.697612,72.971079,93,p2,45,p2,35,60,1000,181,1.86
2025-07-19T11:00:00.000Z,Islamabad,Islamabad,Pakistan,33.697612,72.971079,91,p2,44,p2,35,61,1000,176,2.13
2025-07-19T12:00:00.000Z,Islamabad,Islamabad,Pakistan,33.697612,72.971079,87,p2,40,p2,35,52,997,138,2.84
2025-07-19T13:00:00.000Z,Islamabad,Islamabad,Pakistan,33.697612,72.971079,86,p2,40,p2,34,62,999,125,2.64
2025-07-19T14:00:00.000Z,Islamabad,Islamabad,Pakistan,33.697612,72.971079,87,p2,41,p2,32,66,999,106,1.87
2025-07-19T15:00:00.000Z,Islamabad,Islamabad,Pakistan,33.697612,72.971079,92,p2,44,p2,32,69,1000,87,1.95
2025-07-19T16:00:00.000Z,Islamabad,Islamabad,Pakistan,33.697612,72.971079,98,p2,49,p2,31,72,1000,98,2.88
2025-07-19T17:00:00.000Z,Islamabad,Islamabad,Pakistan,33.697612,72.971079,97,p2,48,p2,30,76,1001,120,3.31
2025-07-19T18:00:00.000Z,Islamabad,Islamabad,Pakistan,33.697612,72.971079,93,p2,45,p2,30,74,999,140,2.48
2025-07-19T19:00:00.000Z,Islamabad,Islamabad,Pakistan,33.697612,72.971079,95,p2,47,p2,30,80,1001,132,2.35
2025-07-19T20:00:00.000Z,Islamabad,Islamabad,Pakistan,33.697612,72.971079,96,p2,48,p2,29,80,1001,115,2.65
2025-07-19T21:00:00.000Z,Islamabad,Islamabad,Pakistan,33.697612,72.971079,103,p2,52,p2,29,81,1001,108,2.75
2025-07-19T22:00:00.000Z,Islamabad,Islamabad,Pakistan,33.697612,72.971079,103,p2,52,p2,29,80,1000,112,2.59
2025-07-19T23:00:00.000Z,Islamabad,Islamabad,Pakistan,33.697612,72.971079,107,p2,54,p2,29,71,999,115,2.6
2025-07-20T02:00:00.000Z,Islamabad,Islamabad,Pakistan,33.697612,72.971079,115,p2,58,p2,29,82,1001,111,2.39
2025-07-20T04:00:00.000Z,Islamabad,Islamabad,Pakistan,33.697612,72.971079,115,p2,58,p2,30,73,1002,132,1.9
2025-07-20T05:00:00.000Z,Islamabad,Islamabad,Pakistan,33.697612,72.971079,130,p2,65,p2,32,69,1002,151,1.28
2025-07-20T06:00:00.000Z,Islamabad,Islamabad,Pakistan,33.697612,72.971079,131,p2,66,p2,33,64,1001,143,1.81
2025-07-20T07:00:00.000Z,Islamabad,Islamabad,Pakistan,33.697612,72.971079,132,p2,66,p2,34,62,1001,175,1.4
2025-07-20T08:00:00.000Z,Islamabad,Islamabad,Pakistan,33.697612,72.971079,130,p2,65,p2,34,59,1000,174,1.61
2025-07-20T09:00:00.000Z,Islamabad,Islamabad,Pakistan,33.697612,72.971079,132,p2,66,p2,35,59,999,173,1.21
2025-07-20T10:00:00.000Z,Islamabad,Islamabad,Pakistan,33.697612,72.971079,124,p2,63,p2,34,59,999,163,0.88
2025-07-20T11:00:00.000Z,Islamabad,Islamabad,Pakistan,33.697612,72.971079,122,p2,61,p2,34,61,999,164,1
2025-07-20T12:00:00.000Z,Islamabad,Islamabad,Pakistan,33.697612,72.971079,112,p2,56,p2,34,56,997,184,2.07
2025-07-20T13:00:00.000Z,Islamabad,Islamabad,Pakistan,33.697612,72.971079,115,p2,58,p2,33,64,998,153,2.02
2025-07-20T14:00:00.000Z,Islamabad,Islamabad,Pakistan,33.697612,72.971079,126,p2,63,p2,33,56,996,138,2.48
2025-07-20T15:00:00.000Z,Islamabad,Islamabad,Pakistan,33.697612,72.971079,135,p2,68,p2,32,58,997,127,2.84
2025-07-20T16:00:00.000Z,Islamabad,Islamabad,Pakistan,33.697612,72.971079,139,p2,70,p2,32,59,998,116,3.3
2025-07-20T17:00:00.000Z,Islamabad,Islamabad,Pakistan,33.697612,72.971079,124,p2,62,p2,31,61,998,117,3.96
2025-07-20T18:00:00.000Z,Islamabad,Islamabad,Pakistan,33.697612,72.971079,121,p2,61,p2,31,63,999,114,3.56
2025-07-20T19:00:00.000Z,Islamabad,Islamabad,Pakistan,33.697612,72.971079,112,p2,56,p2,30,64,999,114,3.99
2025-07-20T20:00:00.000Z,Islamabad,Islamabad,Pakistan,33.697612,72.971079,105,p2,53,p2,29,66,999,121,4.68
2025-07-20T21:00:00.000Z,Islamabad,Islamabad,Pakistan,33.697612,72.971079,99,p2,50,p2,29,67,998,122,4.94
2025-07-20T22:00:00.000Z,Islamabad,Islamabad,Pakistan,33.697612,72.971079,110,p2,55,p2,29,67,998,120,4.39
2025-07-20T23:00:00.000Z,Islamabad,Islamabad,Pakistan,33.697612,72.971079,115,p2,58,p2,29,68,998,115,3.53
2025-07-21T02:00:00.000Z,Islamabad,Islamabad,Pakistan,33.697612,72.971079,108,p2,54,p2,27,72,1000,122,2.39
2025-07-21T03:00:00.000Z,Islamabad,Islamabad,Pakistan,33.697612,72.971079,106,p2,53,p2,29,71,1000,130,3.29
2025-07-21T05:00:00.000Z,Islamabad,Islamabad,Pakistan,33.697612,72.971079,112,p2,56,p2,30,66,1000,144,2.97
2025-07-21T06:00:00.000Z,Islamabad,Islamabad,Pakistan,33.697612,72.971079,119,p2,60,p2,31,61,1000,172,2.89
2025-07-21T07:00:00.000Z,Islamabad,Islamabad,Pakistan,33.697612,72.971079,129,p2,65,p2,33,52,1000,167,3.64
2025-07-21T08:00:00.000Z,Islamabad,Islamabad,Pakistan,33.697612,72.971079,125,p2,63,p2,34,50,999,155,3.78
2025-07-21T09:00:00.000Z,Islamabad,Islamabad,Pakistan,33.697612,72.971079,117,p2,59,p2,34,48,999,136,3.82
2025-07-21T10:00:00.000Z,Islamabad,Islamabad,Pakistan,33.697612,72.971079,104,p2,52,p2,34,51,998,118,5.08
2025-07-21T11:00:00.000Z,Islamabad,Islamabad,Pakistan,33.697612,72.971079,108,p2,54,p2,31,69,1000,117,7.5
2025-07-21T12:00:00.000Z,Islamabad,Islamabad,Pakistan,33.697612,72.971079,99,p2,50,p2,29,73,1001,124,6.25
2025-07-21T13:00:00.000Z,Islamabad,Islamabad,Pakistan,33.697612,72.971079,96,p2,47,p2,29,79,1002,129,7.27
2025-07-21T14:00:00.000Z,Islamabad,Islamabad,Pakistan,33.697612,72.971079,98,p2,49,p2,28,80,1002,127,7.43
2025-07-21T15:00:00.000Z,Islamabad,Islamabad,Pakistan,33.697612,72.971079,108,p2,54,p2,27,82,1003,121,7.12
2025-07-21T16:00:00.000Z,Islamabad,Islamabad,Pakistan,33.697612,72.971079,98,p2,49,p2,27,84,1003,119,6.91
2025-07-21T17:00:00.000Z,Islamabad,Islamabad,Pakistan,33.697612,72.971079,87,p2,40,p2,26,85,1004,119,5.63
2025-07-21T18:00:00.000Z,Islamabad,Islamabad,Pakistan,33.697612,72.971079,80,p2,35,p2,26,83,1002,120,4.92
2025-07-21T19:00:00.000Z,Islamabad,Islamabad,Pakistan,33.697612,72.971079,76,p2,33,p2,26,85,1003,128,4.73
2025-07-21T20:00:00.000Z,Islamabad,Islamabad,Pakistan,33.697612,72.971079,71,p2,28,p2,26,83,1000,128,4.85
2025-07-21T21:00:00.000Z,Islamabad,Islamabad,Pakistan,33.697612,72.971079,66,p2,24,p2,26,84,1000,121,4.38
2025-07-21T22:00:00.000Z,Islamabad,Islamabad,Pakistan,33.697612,72.971079,63,p2,22,p2,25,86,1001,111,3.83
2025-07-21T23:00:00.000Z,Islamabad,Islamabad,Pakistan,33.697612,72.971079,69,p2,27,p2,25,89,1001,84,4.32
2025-07-22T02:00:00.000Z,Islamabad,Islamabad,Pakistan,33.697612,72.971079,47,p2,12,p2,24,91,1001,110,3.32
2025-07-22T03:00:00.000Z,Islamabad,Islamabad,Pakistan,33.697612,72.971079,41,p2,10,p2,25,94,1004,130,3.62
2025-07-22T05:00:00.000Z,Islamabad,Islamabad,Pakistan,33.697612,72.971079,22,p2,6,p2,25,94,1004,125,3.51
2025-07-22T06:00:00.000Z,Islamabad,Islamabad,Pakistan,33.697612,72.971079,29,p2,7,p2,25,93,1003,116,3.16
2025-07-22T07:00:00.000Z,Islamabad,Islamabad,Pakistan,33.697612,72.971079,39,p2,10,p2,26,93,1004,108,3.26
2025-07-22T08:00:00.000Z,Islamabad,Islamabad,Pakistan,33.697612,72.971079,36,p2,9,p2,26,90,1004,102,3.62
2025-07-22T09:00:00.000Z,Islamabad,Islamabad,Pakistan,33.697612,72.971079,36,p2,9,p2,27,89,1003,103,3.52
2025-07-22T10:00:00.000Z,Islamabad,Islamabad,Pakistan,33.697612,72.971079,38,p2,10,p2,27,83,1002,104,3.33
2025-07-22T11:00:00.000Z,Islamabad,Islamabad,Pakistan,33.697612,72.971079,28,p2,7,p2,28,83,1001,106,3.12
2025-07-22T12:00:00.000Z,Islamabad,Islamabad,Pakistan,33.697612,72.971079,17,p2,4,p2,28,77,999,112,2.64
2025-07-22T13:00:00.000Z,Islamabad,Islamabad,Pakistan,33.697612,72.971079,11,p2,3,p2,28,82,1000,109,2.79
2025-07-22T14:00:00.000Z,Islamabad,Islamabad,Pakistan,33.697612,72.971079,11,p2,3,p2,28,84,1000,96,3.11
2025-07-22T15:00:00.000Z,Islamabad,Islamabad,Pakistan,33.697612,72.971079,20,p2,5,p2,26,86,1000,91,3.02
2025-07-22T16:00:00.000Z,Islamabad,Islamabad,Pakistan,33.697612,72.971079,33,p2,9,p2,26,86,1001,91,2.63
2025-07-22T17:00:00.000Z,Islamabad,Islamabad,Pakistan,33.697612,72.971079,44,p2,11,p2,26,85,1000,84,2.58
2025-07-22T18:00:00.000Z,Islamabad,Islamabad,Pakistan,33.697612,72.971079,51,p2,13,p2,25,78,998,86,2.58
2025-07-22T19:00:00.000Z,Islamabad,Islamabad,Pakistan,33.697612,72.971079,50,p2,13,p2,26,75,998,72,2.22
2025-07-22T20:00:00.000Z,Islamabad,Islamabad,Pakistan,33.697612,72.971079,44,p2,11,p2,26,78,998,69,2.83
2025-07-22T21:00:00.000Z,Islamabad,Islamabad,Pakistan,33.697612,72.971079,52,p2,14,p2,25,81,998,62,2.45
2025-07-22T22:00:00.000Z,Islamabad,Islamabad,Pakistan,33.697612,72.971079,53,p2,14,p2,25,84,998,68,2.21
2025-07-22T23:00:00.000Z,Islamabad,Islamabad,Pakistan,33.697612,72.971079,52,p2,14,p2,24,85,997,65,2.62
2025-07-23T02:00:00.000Z,Islamabad,Islamabad,Pakistan,33.697612,72.971079,28,p2,7,p2,26,80,998,91,2.77
2025-07-23T03:00:00.000Z,Islamabad,Islamabad,Pakistan,33.697612,72.971079,33,p2,9,p2,28,91,1000,140,2.83
2025-07-23T05:00:00.000Z,Islamabad,Islamabad,Pakistan,33.697612,72.971079,37,p2,10,p2,29,90,1001,155,2.5
2025-07-23T06:00:00.000Z,Islamabad,Islamabad,Pakistan,33.697612,72.971079,32,p2,8,p2,30,75,999,140,1.87
2025-07-23T07:00:00.000Z,Islamabad,Islamabad,Pakistan,33.697612,72.971079,33,p2,9,p2,30,80,1000,117,1.65
2025-07-23T08:00:00.000Z,Islamabad,Islamabad,Pakistan,33.697612,72.971079,33,p2,9,p2,31,78,999,126,1.17
2025-07-23T09:00:00.000Z,Islamabad,Islamabad,Pakistan,33.697612,72.971079,27,p2,7,p2,31,75,998,140,1.48
2025-07-23T10:00:00.000Z,Islamabad,Islamabad,Pakistan,33.697612,72.971079,28,p2,7,p2,32,74,998,158,2.36
2025-07-23T11:00:00.000Z,Islamabad,Islamabad,Pakistan,33.697612,72.971079,28,p2,7,p2,32,72,994,162,2.65
2025-07-23T12:00:00.000Z,Islamabad,Islamabad,Pakistan,33.697612,72.971079,31,p2,8,p2,32,64,993,120,2.55
2025-07-23T13:00:00.000Z,Islamabad,Islamabad,Pakistan,33.697612,72.971079,31,p2,8,p2,28,78,998,101,2.76
2025-07-23T14:00:00.000Z,Islamabad,Islamabad,Pakistan,33.697612,72.971079,32,p2,8,p2,28,77,996,81,3.19
2025-07-23T15:00:00.000Z,Islamabad,Islamabad,Pakistan,33.697612,72.971079,44,p2,11,p2,27,78,998,69,3.6
2025-07-23T16:00:00.000Z,Islamabad,Islamabad,Pakistan,33.697612,72.971079,51,p2,13,p2,26,80,998,68,3.84
2025-07-23T17:00:00.000Z,Islamabad,Islamabad,Pakistan,33.697612,72.971079,39,p2,10,p2,26,82,998,73,3.79
2025-07-23T18:00:00.000Z,Islamabad,Islamabad,Pakistan,33.697612,72.971079,56,p2,17,p2,26,78,997,50,2.51
2025-07-23T19:00:00.000Z,Islamabad,Islamabad,Pakistan,33.697612,72.971079,50,p2,13,p2,25,74,997,46,2.34
2025-07-23T20:00:00.000Z,Islamabad,Islamabad,Pakistan,33.697612,72.971079,50,p2,13,p2,25,72,996,45,2.02